match,league,home_odd,home_book,draw_odd,draw_book,away_odd,away_book,stake_home,stake_draw,stake_away,guaranteed_profit,profit_pct
Belgium vs Senegal,World Cup 2026,2.2,premierbet,3.5,betika,3.775,22bet,45221.19,28424.75,26354.07,-513.39,-0.52
USA vs Bosnia and Herzegovina,World Cup 2026,1.394,22bet,5.4,betika,8.95,22bet,70726.24,18257.85,11015.91,-1407.62,-1.43
Portugal - Croatia (n),FIFA World Cup,1.83,fortebet,3.66,premierbet,5.1,fortebet,53797.47,26898.73,19303.8,-1550.63,-1.58
Argentina - Cape Verde (n),FIFA World Cup,1.19,premierbet,7.92,betpawa,20.31,betpawa,82723.64,12429.44,4846.93,-1558.87,-1.58
Switzerland - Algeria (n),FIFA World Cup,2.11,premierbet,3.3,fortebet,4.1,fortebet,46424.65,29683.64,23891.71,-2043.99,-2.09
Spain - Austria (n),FIFA World Cup,1.36,premierbet,5.38,betpawa,10.0,fortebet,72005.23,18202.06,9792.71,-2072.89,-2.12
Colombia - Ghana (n),FIFA World Cup,1.56,premierbet,4.08,betpawa,7.4,fortebet,62768.19,23999.6,13232.21,-2081.63,-2.13
Paraguay vs France,Unknown,16.5,premierbet,7.3,fortebet,1.21,premierbet,5918.34,13377.06,80704.6,-2347.44,-2.4
Australia - Egypt (n),FIFA World Cup,3.4,fortebet,2.93,fortebet,2.55,premierbet,28622.6,33213.94,38163.46,-2683.17,-2.76
Lahti vs Gnistan,Unknown,2.4,fortebet,3.53,premierbet,3.05,fortebet,40538.81,27561.8,31899.39,-2706.85,-2.78
Canada - Morocco (n),FIFA World Cup,4.85,fortebet,3.55,fortebet,1.85,premierbet,20048.84,27390.67,52560.48,-2763.11,-2.84
Brazil vs Norway,Unknown,1.96,fortebet,3.55,fortebet,4.2,fortebet,49534.88,27348.84,23116.28,-2911.63,-3.0
Ellidi - Alftanes,4. deild,5.69,betpawa,5.4,fortebet,1.49,fortebet,17028.54,17943.03,65028.43,-3107.63,-3.21
Raufoss vs Strommen,Unknown,2.59,fortebet,4.11,premierbet,2.47,fortebet,37330.8,23524.76,39144.44,-3313.23,-3.43
Degerfors vs Malmo FF,Unknown,3.29,premierbet,3.45,fortebet,2.27,fortebet,29386.16,28023.32,42590.51,-3319.53,-3.43
Anyang vs Pohang,Unknown,2.94,fortebet,3.18,premierbet,2.6,fortebet,32730.04,30259.85,37010.12,-3773.69,-3.92
Jeonbuk vs Gangwon,Unknown,2.31,fortebet,3.16,premierbet,3.45,fortebet,41656.64,30451.53,27891.83,-3773.17,-3.92
Kalmar vs Orgryte,Unknown,1.53,fortebet,4.6,fortebet,5.9,premierbet,62816.8,20893.42,16289.78,-3890.29,-4.05
Wales U19 vs Germany U19,UEFA European U19 Championship,25.0,22bet,13.0,22bet,1.08,fortebet,3835.65,7376.24,88788.11,-4108.84,-4.28
Brommapojkarna vs GAIS,Unknown,3.39,premierbet,3.45,fortebet,2.18,premierbet,28267.32,27775.71,43956.97,-4173.8,-4.36
Jaro vs Ilves,Unknown,3.4,fortebet,3.75,premierbet,2.07,fortebet,28175.53,25545.82,46278.65,-4203.19,-4.39
VPS vs Mariehamn,Unknown,1.32,premierbet,5.5,fortebet,9.5,fortebet,72519.08,17404.58,10076.34,-4274.81,-4.47
SJK vs TPS,Unknown,1.7,premierbet,4.0,fortebet,4.8,fortebet,56206.09,23887.59,19906.32,-4449.65,-4.66
Elfsborg vs Hammarby,Unknown,3.72,premierbet,3.7,fortebet,1.97,premierbet,25682.31,25821.14,48496.55,-4461.8,-4.67
Bryne vs Sandnes,Unknown,1.94,premierbet,3.88,premierbet,3.65,fortebet,49224.54,24612.27,26163.18,-4504.38,-4.72
Lyn vs Asane,Unknown,1.76,fortebet,4.24,premierbet,4.1,fortebet,54219.27,22506.11,23274.61,-4574.08,-4.79
Sirius vs Mjallby,Unknown,1.75,premierbet,3.85,fortebet,4.6,fortebet,54496.5,24771.14,20732.36,-4631.13,-4.86
Ciudad Bolivar vs Godoy Cruz,Unknown,2.96,fortebet,2.87,premierbet,2.76,fortebet,32218.34,33228.67,34553.0,-4633.73,-4.86
Quilmes vs Atletico Atlanta,Unknown,2.53,fortebet,2.81,fortebet,3.34,premierbet,37624.52,33875.46,28500.01,-4809.95,-5.05
Central Norte vs San Miguel,Unknown,2.36,fortebet,2.8,premierbet,3.7,fortebet,40311.28,33976.65,25712.06,-4865.37,-5.11
Kongsvinger vs Sogndal,Unknown,1.64,premierbet,4.5,premierbet,4.55,fortebet,57974.91,21128.63,20896.45,-4921.14,-5.18
Egersund vs Moss,Unknown,2.11,fortebet,3.9,premierbet,3.1,fortebet,45011.17,24352.2,30636.63,-5026.43,-5.29
Seoul vs Incheon,Unknown,1.89,fortebet,3.4,fortebet,4.35,fortebet,50242.04,27928.66,21829.3,-5042.55,-5.31
Jeonnam vs Busan,Unknown,3.45,fortebet,3.45,fortebet,2.11,premierbet,27509.78,27509.78,44980.44,-5091.26,-5.36
Ranheim vs Stabaek,Unknown,2.72,fortebet,4.04,premierbet,2.28,fortebet,34888.79,23489.49,41621.72,-5102.48,-5.38
Cuiaba vs America MG,Unknown,1.82,premierbet,3.35,fortebet,4.85,fortebet,52122.93,28317.53,19559.53,-5136.26,-5.41
Londrina vs CRB,Unknown,2.68,fortebet,3.15,fortebet,2.75,premierbet,35393.98,30112.97,34493.04,-5144.13,-5.42
Shelbourne vs Dundalk,Unknown,2.12,fortebet,3.8,fortebet,3.13,premierbet,44738.51,24959.38,30302.12,-5154.37,-5.43
Qingdao West Coast vs Shanghai Port,Unknown,3.08,premierbet,3.48,premierbet,2.26,fortebet,30789.23,27250.23,41960.54,-5169.18,-5.45
Almagro vs Atl. Rafaela,Unknown,2.45,fortebet,2.77,fortebet,3.5,premierbet,38692.55,34222.66,27084.79,-5203.24,-5.49
Serbia U19 - Ukraine U19 (n),U19 European Championship,2.82,premierbet,3.59,betpawa,2.37,betpawa,33609.05,26400.43,39990.52,-5222.47,-5.51
Ferro vs San Telmo,Unknown,1.58,premierbet,3.6,fortebet,6.9,fortebet,59956.55,26314.27,13729.18,-5268.65,-5.56
Patronato vs San Martin T.,Unknown,2.42,premierbet,2.74,fortebet,3.6,fortebet,39132.3,34562.1,26305.6,-5299.84,-5.6
Novorizontino vs Atletico GO,Unknown,1.94,fortebet,3.4,fortebet,4.04,premierbet,48761.79,27822.9,23415.31,-5402.14,-5.71
San Antonio vs Monterey Bay,Unknown,1.72,premierbet,4.0,fortebet,4.41,premierbet,54944.37,23626.08,21429.55,-5495.68,-5.82
Hodd vs Stromsgodset,Unknown,6.1,fortebet,5.0,fortebet,1.44,premierbet,15489.2,18896.82,65613.97,-5515.88,-5.84
Derry City vs Waterford,Unknown,1.45,premierbet,4.6,fortebet,6.6,fortebet,65150.21,20536.48,14313.3,-5532.19,-5.86
Vestmannaeyjar vs Valur,Unknown,2.21,fortebet,3.99,premierbet,2.81,premierbet,42728.44,23666.63,33604.93,-5570.15,-5.9
Criciuma vs Sport Recife,Unknown,1.96,fortebet,3.26,premierbet,4.13,premierbet,48174.12,28963.58,22862.3,-5578.72,-5.91
Nautico vs Juventude,Unknown,2.24,fortebet,3.18,premierbet,3.35,fortebet,42139.7,29683.31,28176.99,-5607.08,-5.94
JaPS vs SJK Akatemia,Unknown,1.9,premierbet,3.75,fortebet,3.75,fortebet,49668.87,25165.56,25165.56,-5629.14,-5.96
Goias vs Ceara,Unknown,2.2,premierbet,3.05,fortebet,3.6,fortebet,42873.88,30925.42,26200.7,-5677.47,-6.02
KTP vs Jippo,Unknown,2.14,premierbet,3.3,fortebet,3.45,fortebet,44076.66,28583.04,27340.3,-5675.96,-6.02
Cheongju vs Daegu,Unknown,4.5,fortebet,3.75,fortebet,1.75,premierbet,20958.08,25149.7,53892.22,-5688.62,-6.03
Keflavik vs Fram,Unknown,2.9,fortebet,4.02,premierbet,2.14,premierbet,32504.12,23448.24,44047.64,-5738.06,-6.09
Drogheda vs Bohemians,Unknown,4.7,fortebet,3.7,fortebet,1.73,premierbet,20052.0,25471.46,54476.54,-5755.59,-6.11
Fortaleza vs Ponte Preta,Unknown,1.3,premierbet,5.2,fortebet,10.0,fortebet,72463.77,18115.94,9420.29,-5797.1,-6.15
Gimhae vs Seoul E.,Unknown,5.05,premierbet,4.1,fortebet,1.61,fortebet,18627.69,22943.86,58428.46,-5930.18,-6.3
San Martin S.J. vs Chacarita,Unknown,1.67,fortebet,3.35,fortebet,6.0,fortebet,56279.66,28055.83,15664.51,-6012.96,-6.4
Ekenas vs PK 35,Unknown,3.2,fortebet,3.15,fortebet,2.3,fortebet,29349.81,29815.68,40834.51,-6080.62,-6.47
New Mexico United - Atlante FC,Club Friendly Games,5.58,betpawa,4.85,betpawa,1.47,betika,16816.8,19347.99,63835.21,-6162.25,-6.57
PPJ vs Kiffen,Unknown,2.14,fortebet,4.05,premierbet,2.84,premierbet,43822.82,23155.76,33021.42,-6219.17,-6.63
Indy Eleven vs Charleston,Unknown,2.76,fortebet,3.71,premierbet,2.3,fortebet,33968.14,25270.1,40761.77,-6247.94,-6.66
Croatia U19 - Italy U19 (n),U19 European Championship,3.01,betpawa,3.35,betpawa,2.28,betpawa,31068.61,27915.38,41016.01,-6483.49,-6.93
Akranes vs Breidablik,Unknown,2.43,fortebet,4.2,premierbet,2.38,premierbet,38467.75,22256.34,39275.9,-6523.36,-6.98
Hafnarfjordur vs Stjarnan ,Unknown,2.33,premierbet,4.09,premierbet,2.52,premierbet,40091.64,22839.49,37068.86,-6586.47,-7.05
New Mexico vs Oakland,Unknown,2.57,fortebet,3.51,premierbet,2.52,fortebet,36336.75,26605.54,37057.71,-6614.56,-7.08
Thor Akureyri - KR Reykjavik,Besta deild,6.91,betpawa,6.6,fortebet,1.29,betpawa,13507.02,14141.44,72351.54,-6666.51,-7.14
Minneapolis City SC - St. Croix SC,USL League Two,1.14,betika,8.78,betpawa,12.41,betpawa,81853.02,10627.84,7519.13,-6687.55,-7.17
Nomme Utd vs Kalju,Unknown,5.4,premierbet,4.35,premierbet,1.52,fortebet,17259.2,21425.22,61315.58,-6800.31,-7.3
Caldense vs Patrocinense,Unknown,2.18,premierbet,2.82,premierbet,3.85,fortebet,42748.13,33046.43,24205.44,-6809.07,-7.31
Cobresal vs La Serena,Unknown,2.12,premierbet,3.3,fortebet,3.35,betika,43951.02,28235.2,27813.78,-6823.84,-7.32
Huachipato vs D. Concepcion,Unknown,2.16,premierbet,3.19,premierbet,3.35,fortebet,43068.32,29162.25,27769.43,-6972.42,-7.5
Boston City FC - Seacoast United Phantoms,USL League Two,6.48,betpawa,5.53,betpawa,1.35,betika,14343.52,16807.59,68848.89,-7054.0,-7.59
Ristozi FC - Grove Soccer United,National Premier Soccer League,1.25,betika,5.91,betpawa,9.34,betpawa,74330.71,15721.39,9947.9,-7086.61,-7.63
Loudoun vs Sporting Jax,Unknown,1.64,fortebet,4.14,premierbet,4.43,premierbet,56614.29,22426.92,20958.79,-7152.56,-7.7
Bray vs Athlone,Unknown,1.7,premierbet,3.9,fortebet,4.3,fortebet,54607.62,23803.32,21589.06,-7167.05,-7.72
U. De Concepcion vs Nublense,Unknown,2.8,betika,3.2,fortebet,2.45,fortebet,33136.09,28994.08,37869.82,-7218.93,-7.78
Uberaba vs Boa,Unknown,2.58,premierbet,2.8,premierbet,3.0,fortebet,35952.75,33127.89,30919.36,-7241.91,-7.81
Kuressaare vs Flora,Unknown,7.65,premierbet,5.1,fortebet,1.33,premierbet,12118.45,18177.68,69703.87,-7293.85,-7.87
FC Miami City - Fort Lauderdale United FC,USL League Two,9.56,betpawa,5.74,betpawa,1.25,betika,9696.02,16148.78,74155.2,-7306.01,-7.88
Louisville vs Hartford,Unknown,1.6,fortebet,4.11,premierbet,4.75,premierbet,57932.85,22552.93,19514.22,-7307.45,-7.88
Cobresal vs Deportes La Serena,Chile Cup,2.06,22bet,3.37,betpawa,3.37,betpawa,44993.32,27503.34,27503.34,-7313.75,-7.89
U. De Chile vs U. La Calera,Unknown,1.51,fortebet,4.2,fortebet,5.6,betika,61381.07,22067.96,16550.97,-7314.58,-7.89
West Seattle Junction FC - Bigfoot FC,USL League Two,1.32,betika,5.7,betpawa,6.84,betpawa,70197.04,16256.16,13546.8,-7339.9,-7.92
Universidad de Concepcion vs Nublense,Chile Cup,2.79,betpawa,3.18,betpawa,2.46,betpawa,33205.99,29133.56,37660.45,-7355.29,-7.94
Pittsburgh vs Brooklyn ,Unknown,1.52,fortebet,4.19,premierbet,5.45,premierbet,60913.67,22097.56,16988.77,-7411.22,-8.0
Colorado Springs vs Phoenix,Unknown,1.75,fortebet,3.8,fortebet,4.07,premierbet,52896.01,24360.0,22743.98,-7431.98,-8.03
Davis Legacy - Academica SC,USL League Two,1.96,betika,3.81,premierbet,3.25,premierbet,47225.22,24294.34,28480.44,-7438.57,-8.04
Project 51O vs San Francisco City,USA. USL League Two,2.86,betpawa,3.95,22bet,2.09,betpawa,32336.59,23413.33,44250.08,-7517.34,-8.13
Charlottesville Blues - Bethesda SC,USL League Two,1.58,betika,4.19,betpawa,4.76,betpawa,58513.03,22064.58,19422.39,-7549.41,-8.17
Chattanooga Red Wolves SC - Westchester SC,USL League One,1.54,betika,4.09,betpawa,5.32,betpawa,60023.94,22600.7,17375.35,-7563.13,-8.18
Haukar Hafnarfjordur - Kari,2. deild,1.38,betika,5.36,betpawa,5.85,betpawa,66963.08,17240.5,15796.42,-7590.94,-8.21
Finn Harps vs Wexford,Unknown,4.02,premierbet,3.77,premierbet,1.76,fortebet,22986.37,24510.67,52502.96,-7594.79,-8.22
LDU Quito vs Orense,Unknown,1.47,fortebet,4.15,fortebet,6.2,betika,62841.16,22259.4,14899.44,-7623.49,-8.25
Tampa Bay vs Lexington,Unknown,1.61,premierbet,3.9,fortebet,4.87,premierbet,57358.66,23678.83,18962.51,-7652.56,-8.29
Connecticut Rush - AC Connecticut,USL League Two,1.62,betika,4.2,betpawa,4.39,betpawa,56988.67,21981.34,21029.99,-7678.36,-8.32
Denton Diablos - West Texas FC,USL League Two,1.7,betika,4.09,betpawa,3.99,betpawa,54297.27,22568.55,23134.18,-7694.63,-8.34
Limache vs Coquimbo,Unknown,3.05,fortebet,3.3,fortebet,2.21,premierbet,30263.29,27970.62,41766.09,-7696.95,-8.34
New England FC - Vermont Green FC,USL League Two,4.76,betpawa,4.38,betpawa,1.55,betika,19388.39,21070.49,59541.12,-7711.26,-8.36
Washington W vs Houston W,Unknown,1.31,premierbet,5.2,fortebet,7.8,fortebet,70428.89,17742.66,11828.44,-7738.15,-8.39
Virginia Beach United - Loudoun United FC 2,USL League Two,1.48,betika,4.67,betpawa,5.15,betpawa,62332.67,19754.25,17913.08,-7747.65,-8.4
Sueno FC - RKC Third Coast,USL League Two,1.57,betika,4.29,betpawa,4.67,betpawa,58749.03,21500.23,19750.74,-7764.03,-8.42
Angel City W vs Orlando W,Unknown,2.58,fortebet,3.22,premierbet,2.58,fortebet,35698.45,28603.1,35698.45,-7898.0,-8.58
Charlotte Independence - Corpus Christi FC,USL League One,1.5,betika,4.3,betpawa,5.35,betpawa,61379.4,21411.42,17209.18,-7930.9,-8.61
Union Omaha SC - Av Alta FC,USL League One,1.51,betika,4.21,betpawa,5.36,betpawa,60961.25,21864.96,17173.79,-7948.51,-8.63
Montrose vs Civil Service Strollers,Club Friendlies,1.17,betpawa,7.04,betpawa,11.16,betpawa,78676.23,13075.45,8248.31,-7948.81,-8.64
Goias EC GO U20 - CR Brasil AL U20,U20 Brasileiro Serie B,1.54,betika,3.9,betpawa,5.52,betpawa,59742.25,23590.53,16667.22,-7996.94,-8.69
HFX Wanderers FC - Atletico Ottawa,Canadian Premier League,2.55,betika,3.22,betpawa,2.6,betika,36066.0,28561.58,35372.42,-8031.71,-8.73
Weston FC - Brevard SC,USL League Two,1.87,betika,3.77,betpawa,3.48,betpawa,49179.26,24393.96,26426.79,-8034.79,-8.74
Alexandria Reds - FC Frederick,National Premier Soccer League,1.62,betpawa,4.4,betpawa,4.11,betpawa,56742.66,20891.62,22365.72,-8076.89,-8.79
Staten Island Asc - New Jersey Copa FC,USL League Two,2.09,betpawa,3.73,betpawa,2.92,betpawa,43935.28,24617.89,31446.83,-8175.26,-8.9
Boston Legacy W vs Bay FC W,Unknown,1.88,fortebet,3.4,fortebet,3.8,fortebet,48835.8,27003.33,24160.87,-8188.69,-8.92
Real Central New Jersey - Delaware FC,USL League Two,2.35,betpawa,3.99,betpawa,2.42,betpawa,39061.79,23006.31,37931.9,-8204.8,-8.94
Spokane Velocity FC - Forward Madison FC,USL League One,1.96,betpawa,3.29,betpawa,3.63,betpawa,46823.28,27894.72,25281.99,-8226.36,-8.96
Valeriodoce vs Democrata SL,Unknown,2.34,premierbet,2.82,premierbet,3.25,premierbet,39218.96,32543.39,28237.65,-8227.64,-8.97
Haukar vs Kari,Unknown,1.41,fortebet,5.25,premierbet,5.25,premierbet,65055.76,17472.12,17472.12,-8271.38,-9.02
Ceara SC CE U20 - Atletico Mineiro MG U20,U20 Brasileiro Serie B,2.53,betpawa,3.25,betpawa,2.58,betpawa,36243.94,28214.52,35541.54,-8302.82,-9.05
Nacao  vs Metropolitano,Unknown,4.9,fortebet,3.25,fortebet,1.71,premierbet,18610.92,28059.54,53329.54,-8806.49,-9.66
Nacao SC - Metropolitano SC,"Catarinense, Serie B",4.7,betpawa,3.2,betpawa,1.74,betpawa,19342.74,28409.64,52247.62,-9089.14,-10.0
